File, Method
form1.vb,Sub cmdEnde_Click(sender
form1.vb,Function Zufallszahlen()
form1.vb,Sub check()
form1.vb,Sub Form1_Load(sender
form1.vb,Sub rad2_CheckedChanged(sender
form1.vb,Sub txtSumme_KeyPress(sender
form1.vb,Sub cmdCheck_Click(sender
form1.vb,Sub cmdNeueZahl_Click(sender
form2.vb,Sub cmdLoad_Click(sender
form2.vb,Sub cbDateien_SelectedIndexChanged(sender
form2.vb,Sub rdOriginal_CheckedChanged(sender
form2.vb,Sub cmdBack_Click(sender
form2.vb,Function cmdNext_Click(sender
submodule.vb,Sub Button1_Click(...)
submodule.vb,Sub Button1_Click(...)
